
INSERT INTO FRIEND_NAME (FRIEND_ID, FIRST_NAME, MIDDLE_NAME, LAST_NAME,GENDER)
VALUES (1, 'Ross', NULL, 'Geller','M');

INSERT INTO FRIEND_NAME (FRIEND_ID, FIRST_NAME, MIDDLE_NAME, LAST_NAME,GENDER)
VALUES (2, 'Chandler', NULL, 'Bing','M');

INSERT INTO FRIEND_NAME (FRIEND_ID, FIRST_NAME, MIDDLE_NAME, LAST_NAME,GENDER)
VALUES (3, 'Joey', 'Francis', 'Tribiani','M');

INSERT INTO FRIEND_NAME (FRIEND_ID, FIRST_NAME, MIDDLE_NAME, LAST_NAME,GENDER)
VALUES (4, 'Monica', NULL, 'Geller-Bing','F');

INSERT INTO FRIEND_NAME (FRIEND_ID, FIRST_NAME, MIDDLE_NAME, LAST_NAME,GENDER)
VALUES (5, 'Rachel', 'Karen', 'Green','F');

INSERT INTO FRIEND_NAME (FRIEND_ID, FIRST_NAME, MIDDLE_NAME, LAST_NAME,GENDER)
VALUES (6, 'Phoebe', NULL, 'Buffay','F');

INSERT INTO FRIEND_NAME (FRIEND_ID, FIRST_NAME, MIDDLE_NAME, LAST_NAME,GENDER)
VALUES (7, 'Ross', NULL, 'Geller','M');

-- PHONE_NUMBER
INSERT INTO PHONE_NUMBER (PHONE_ID, COUNTRY_CODE, AREA_CODE, PHONE_NUMBER)
VALUES (1, 1, 212, 5550123);

INSERT INTO PHONE_NUMBER (PHONE_ID, COUNTRY_CODE, AREA_CODE, PHONE_NUMBER)
VALUES (2, 1, 212, 5554569);

INSERT INTO PHONE_NUMBER (PHONE_ID, COUNTRY_CODE, AREA_CODE, PHONE_NUMBER)
VALUES (3, 1, 212, 5556567);

INSERT INTO PHONE_NUMBER (PHONE_ID, COUNTRY_CODE, AREA_CODE, PHONE_NUMBER)
VALUES (4, 1, 212, 5554444);

INSERT INTO PHONE_NUMBER (PHONE_ID, COUNTRY_CODE, AREA_CODE, PHONE_NUMBER)
VALUES (5, 1, 212, 5553734);

INSERT INTO PHONE_NUMBER (PHONE_ID, COUNTRY_CODE, AREA_CODE, PHONE_NUMBER)
VALUES (6, 1, 212, 5553847);

INSERT INTO PHONE_NUMBER (PHONE_ID, COUNTRY_CODE, AREA_CODE, PHONE_NUMBER)
VALUES (7, 1, 212, 5555467);

INSERT INTO PHONE_NUMBER (PHONE_ID, COUNTRY_CODE, AREA_CODE, PHONE_NUMBER)
VALUES (8, 1, 212, 5559686);

-- ADDRESS
INSERT INTO ADDRESS (ADDRESS_ID, APARTMENT, HOUSE_NO, STREET, CITY, STATE, ZIPCODE)
VALUES (1, 19, 90, 'Bedford Street','New York','New York','NY 10014');

INSERT INTO ADDRESS (ADDRESS_ID, APARTMENT, HOUSE_NO, STREET, CITY, STATE, ZIPCODE)
VALUES (2, 20, 90, 'Bedford Street','New York','New York','NY 10014');

INSERT INTO ADDRESS (ADDRESS_ID, APARTMENT, HOUSE_NO, STREET, CITY, STATE, ZIPCODE)
VALUES (3, 14, 5, 'Morton Street','New York','New York','NY 10014');

-- FRIEND_ADDRESS
INSERT INTO FRIEND_ADDRESS (FRIEND_ID, ADDRESS_ID, MOVED_IN, MOVED_OUT)
VALUES (2,1,TO_DATE('22/09/1994','DD/MM/YYYY'),TO_DATE('12/10/2000','DD/MM/YYYY'));

INSERT INTO FRIEND_ADDRESS (FRIEND_ID, ADDRESS_ID, MOVED_IN, MOVED_OUT)
VALUES (3,1,TO_DATE('22/09/1994','DD/MM/YYYY'),NULL);

INSERT INTO FRIEND_ADDRESS (FRIEND_ID, ADDRESS_ID, MOVED_IN, MOVED_OUT)
VALUES (4,2,TO_DATE('22/09/1994','DD/MM/YYYY'),TO_DATE('06/05/2004','DD/MM/YYYY'));

INSERT INTO FRIEND_ADDRESS (FRIEND_ID, ADDRESS_ID, MOVED_IN, MOVED_OUT)
VALUES (5,2,TO_DATE('22/09/1994','DD/MM/YYYY'),TO_DATE('12/10/2000','DD/MM/YYYY'));

INSERT INTO FRIEND_ADDRESS (FRIEND_ID, ADDRESS_ID, MOVED_IN, MOVED_OUT)
VALUES (2,2,TO_DATE('12/10/2000','DD/MM/YYYY'),TO_DATE('06/05/2004','DD/MM/YYYY'));

INSERT INTO FRIEND_ADDRESS (FRIEND_ID, ADDRESS_ID, MOVED_IN, MOVED_OUT)
VALUES (5,1,TO_DATE('12/10/2000','DD/MM/YYYY'),TO_DATE('06/05/2004','DD/MM/YYYY'));

INSERT INTO FRIEND_ADDRESS (FRIEND_ID, ADDRESS_ID, MOVED_IN, MOVED_OUT)
VALUES (6,3,TO_DATE('22/09/1994','DD/MM/YYYY'),NULL);

-- FRIEND_PHONE
INSERT INTO FRIEND_PHONE (FRIEND_ID, PHONE_ID, START_DATE, END_DATE)
VALUES (1,8,TO_DATE('22/09/1994','DD/MM/YYYY'),TO_DATE('06/05/2004','DD/MM/YYYY'));

INSERT INTO FRIEND_PHONE (FRIEND_ID, PHONE_ID, START_DATE, END_DATE)
VALUES (2,3,TO_DATE('22/09/1994','DD/MM/YYYY'),TO_DATE('06/05/2004','DD/MM/YYYY'));

INSERT INTO FRIEND_PHONE (FRIEND_ID, PHONE_ID, START_DATE, END_DATE)
VALUES (3,1,TO_DATE('22/09/1994','DD/MM/YYYY'),NULL);

INSERT INTO FRIEND_PHONE (FRIEND_ID, PHONE_ID, START_DATE, END_DATE)
VALUES (4,4,TO_DATE('22/10/1994','DD/MM/YYYY'),NULL);

INSERT INTO FRIEND_PHONE (FRIEND_ID, PHONE_ID, START_DATE, END_DATE)
VALUES (5,2,TO_DATE('22/10/1996','DD/MM/YYYY'),TO_DATE('06/05/2001','DD/MM/YYYY'));

INSERT INTO FRIEND_PHONE (FRIEND_ID, PHONE_ID, START_DATE, END_DATE)
VALUES (5,7,TO_DATE('06/05/2001','DD/MM/YYYY'),TO_DATE('06/05/2004','DD/MM/YYYY'));

INSERT INTO FRIEND_PHONE (FRIEND_ID, PHONE_ID, START_DATE, END_DATE)
VALUES (6,5,TO_DATE('22/09/1994','DD/MM/YYYY'),TO_DATE('06/05/2004','DD/MM/YYYY'));

INSERT INTO FRIEND_PHONE (FRIEND_ID, PHONE_ID, START_DATE, END_DATE)
VALUES (7,6,TO_DATE('22/09/2013','DD/MM/YYYY'),NULL);